<?xml version="1.0" encoding="iso-8859-1"?>
<rss version="2.0">
<channel>
    <title>FacturEye</title>
    <description>Canal RSS de suscripcio de noticies</description>
    <link>TO DO</link>
    <lastBuildDate>Wed, 09 May 2018 13:33:34</lastBuildDate>

    <item>
        <title>Nous productes ja a la venta</title>
        <link>TO DO</link>
        <description>Ara disposem d'una llarga llista de nous productes professionals, visita la tenda ja i pregunta'ns</description>
        <category>Noticies - Informacio General</category>
        <pubDate>Tue, 08 May 2018 17:55:29</pubDate>
    </item>
</channel>
</rss>