<?xml version="1.0" encoding="UTF-8"?>
<project-private xmlns="http://www.netbeans.org/ns/project-private/1">
    <editor-bookmarks xmlns="http://www.netbeans.org/ns/editor-bookmarks/2" lastBookmarkId="0"/>
    <open-files xmlns="http://www.netbeans.org/ns/projectui-open-files/2">
        <group>
            <file>file:/C:/xampp/htdocs/ProjecteFinal/CodeIgniter-3.1.8/application/controllers/Factureye.php</file>
            <file>file:/C:/xampp/htdocs/ProjecteFinal/CodeIgniter-3.1.8/application/models/Factureye_model.php</file>
            <file>file:/C:/xampp/htdocs/ProjecteFinal/CodeIgniter-3.1.8/application/views/factureye/configurar_web.php</file>
            <file>file:/C:/xampp/htdocs/ProjecteFinal/CodeIgniter-3.1.8/application/views/factureye/factures.php</file>
            <file>file:/C:/xampp/htdocs/ProjecteFinal/CodeIgniter-3.1.8/application/views/factureye/novaFactura.php</file>
            <file>file:/C:/xampp/htdocs/ProjecteFinal/CodeIgniter-3.1.8/css/estil.css</file>
            <file>file:/C:/xampp/htdocs/ProjecteFinal/CodeIgniter-3.1.8/application/views/factureye/veureFactura.php</file>
            <file>file:/C:/xampp/htdocs/ProjecteFinal/CodeIgniter-3.1.8/application/views/factureye/pdf/factura.php</file>
        </group>
    </open-files>
</project-private>
